<?xml version="1.0" encoding="UTF-8" standalone="no"?>
<XMLDJ7PNE xmlns="tasakgyartas">
    <nyomtatogep termeknev="1kg Gyermelyi finomliszt">
        <folyometer>2500</folyometer>
        <tipus>VF001</tipus>
        <festekfelhasznalas>5kg</festekfelhasznalas>
        <raszterhenger>180/10120/8</raszterhenger>
    </nyomtatogep>
    <nyomtatogep termeknev="2kg Hajdú búzadara">
        <folyometer>12000</folyometer>
        <tipus>VF001</tipus>
        <festekfelhasznalas>8kg</festekfelhasznalas>
        <raszterhenger>180/10</raszterhenger>
    </nyomtatogep>
    <nyomtatogep termeknev="5kg Auschan Optimum">
        <folyometer>20000</folyometer>
        <tipus>VF002</tipus>
        <festekfelhasznalas>14kg</festekfelhasznalas>
        <raszterhenger>120/8110/2</raszterhenger>
    </nyomtatogep>
</XMLDJ7PNE>
