<?xml version="1.0" encoding="UTF-8" standalone="no"?><tasakgyartas xmlns="XMLDJ7PNE">
    <!--Nyomtatógépek-->
    <nyomtatogep termeknev="1kg Nagyi Titka">
        <folyometer>3200</folyometer>
        <tipus>VF001</tipus>
        <festekfelhasznalas>5kg</festekfelhasznalas>
        <raszterhenger>180/10</raszterhenger>
        <raszterhenger>120/8</raszterhenger>
    </nyomtatogep>
    <nyomtatogep termeknev="2kg Hajdú búzadara">
        <folyometer>12000</folyometer>
        <tipus>VF001</tipus>
        <festekfelhasznalas>8kg</festekfelhasznalas>
        <raszterhenger>180/10</raszterhenger>
    </nyomtatogep>
    <nyomtatogep termeknev="5kg Auschan Optimum">
        <folyometer>20000</folyometer>
        <tipus>VF002</tipus>
        <festekfelhasznalas>14kg</festekfelhasznalas>
        <raszterhenger>120/8</raszterhenger>
        <raszterhenger>110/2</raszterhenger>
    </nyomtatogep>
    <!--Festékek-->
    <festek felhasznalas="1kg Nagyi Titka" pantonszam="P1495">
        <lejarat>2030.10.15</lejarat>
        <raktaron>150kg</raktaron>
        <gyarto>Colorprint</gyarto>
    </festek>
    <festek felhasznalas="1kg Nagyi Titka" pantonszam="P706">
        <lejarat>2032.08.01</lejarat>
        <raktaron>450kg</raktaron>
        <gyarto>Colorprint</gyarto>
        <gyarto>Poli-Farbe</gyarto>
    </festek>
    <festek felhasznalas="2kg Hajdú búzadara" pantonszam="P1400">
        <lejarat>2028.02.22</lejarat>
        <raktaron>150kg</raktaron>
        <gyarto>Colorprint</gyarto>
    </festek>
    <festek felhasznalas="5kg Auschan Optimum" pantonszam="P632">
        <lejarat>2024.07.19</lejarat>
        <raktaron>100kg</raktaron>
        <gyarto>Colorprint</gyarto>
    </festek>
    <festek felhasznalas="5kg Auschan Optimum" pantonszam="P935">
        <lejarat>2026.12.31</lejarat>
        <raktaron>50kg</raktaron>
        <gyarto>Colorprint</gyarto>
    </festek>
    <festek felhasznalas="5kg Auschan Optimum" pantonszam="P1250">
        <lejarat>2032.12.15</lejarat>
        <raktaron>80kg</raktaron>
        <gyarto>Colorprint</gyarto>
    </festek>
    <!--Tasakrendelés-->
    <tasakrendeles tasakID="1">
        <termeknev>1kg Nagyi Titka</termeknev>
        <mennyiseg>180000</mennyiseg>
        <papirmin>80gr</papirmin>
    </tasakrendeles>
    <tasakrendeles tasakID="2">
        <termeknev>2kg Hajdú búzadara</termeknev>
        <mennyiseg>100000</mennyiseg>
        <papirmin>70gr</papirmin>
    </tasakrendeles>
    <tasakrendeles tasakID="3">
        <termeknev>5kg Auschan Optimum</termeknev>
        <mennyiseg>50000</mennyiseg>
        <papirmin>100gr</papirmin>
    </tasakrendeles>
    <!--Vevők-->
    <vevo adoszam="77777777-77-777777">
        <nev>Egyes cég</nev>
        <szarmazas>Magyarország</szarmazas>
        <telephely>
            <isz>4090</isz>
            <utca>Kossuth</utca>
        </telephely>
        <telephely>
            <isz>4090</isz>
            <utca>Bethlen</utca>
        </telephely>
    </vevo>
    <vevo adoszam="22222222-22-222222">
        <nev>Kettes cég</nev>
        <szarmazas>Magyarország</szarmazas>
        <telephely>
            <isz>3515</isz>
            <utca>Diósgyőri</utca>
        </telephely>
    </vevo>
    <vevo adoszam="88888888-22-787878">
        <nev>Hármas cég</nev>
        <szarmazas>Magyarország</szarmazas>
        <telephely>
            <isz>2080</isz>
            <utca>Petőfi</utca>
        </telephely>
    </vevo>
    <!--Gyárak-->
    <gyar gyAdoszam="12345678-22-654321" vGy="77777777-77-777777">
        <nev>Egyes gyár</nev>
        <telephely>Felsősima</telephely>
        <alapitas>2002</alapitas>
    </gyar>
    <gyar gyAdoszam="13151614-32-956348" vGy="77777777-77-777777">
        <nev>Kettes gyár</nev>
        <telephely>Miskolc</telephely>
        <alapitas>2008</alapitas>
    </gyar>
    <gyar gyAdoszam="32945817-68-164872" vGy="22222222-22-222222">
        <nev>Hármas gyár</nev>
        <telephely>Debrecen</telephely>
        <alapitas>2016</alapitas>
    </gyar>
    <gyar gyAdoszam="62599875-77-121212" vGy="88888888-22-787878">
        <nev>Négyes gyár</nev>
        <telephely>Debrecen</telephely>
        <alapitas>2018</alapitas>
    </gyar>
    <!--Logók-->
    <logo gyL="12345678-22-654321" logoId="1">
        <elkeszites>2001.12.15</elkeszites>
        <szinek>Piros</szinek>
        <szinek>Kék</szinek>
        <szinek>Zöld</szinek>
        <tervezo>Kiss Péter</tervezo>
    </logo>
    <logo gyL="13151614-32-956348" logoId="2">
        <elkeszites>2007.12.20</elkeszites>
        <szinek>Fehér</szinek>
        <szinek>Zöld</szinek>
        <tervezo>Nagy Zoltán</tervezo>
    </logo>
    <logo gyL="32945817-68-164872" logoId="3">
        <elkeszites>2016.02.08</elkeszites>
        <szinek>Vörös</szinek>
        <szinek>Fehér</szinek>
        <szinek>Fekete</szinek>
        <tervezo>Bogyó Annamária</tervezo>
    </logo>
    <logo gyL="62599875-77-121212" logoId="4">
        <elkeszites>2018.06.26</elkeszites>
        <szinek>Fekete</szinek>
        <szinek>Fehér</szinek>
        <tervezo>Varga Krisztina</tervezo>
    </logo>
    <!--Tulajdonosok-->
    <tulajdonos tGy="12345678-22-654321" tajszam="119075100">
        <nev>Terplán Zénó</nev>
        <szuletes>1982</szuletes>
        <szerzodese>2002</szerzodese>
    </tulajdonos>
    <tulajdonos tGy="13151614-32-956348" tajszam="117080205">
        <nev>Tóth László</nev>
        <szuletes>1970</szuletes>
        <szerzodese>1993</szerzodese>
    </tulajdonos>
    <tulajdonos tGy="32945817-68-164872" tajszam="120154203">
        <nev>Reszegi Ivett</nev>
        <szuletes>1969</szuletes>
        <szerzodese>2006</szerzodese>
    </tulajdonos>
    <tulajdonos tGy="62599875-77-121212" tajszam="120005203">
        <nev>Balogh Panna</nev>
        <szuletes>1993</szuletes>
        <szerzodese>2012</szerzodese>
    </tulajdonos>
    <!--Szerződés kapcsolat-->
    <szerzodes adoszam="77777777-77-777777" tNev="1kg Nagyi Titka" tasakID="1">
        <rendeles>2022.09.15</rendeles>
    </szerzodes>
    <szerzodes adoszam="77777777-77-777777" tNev="2kg Hajdú búzadara" tasakID="2">
        <rendeles>2022.09.18</rendeles>
    </szerzodes>
    <szerzodes adoszam="88888888-22-787878" tNev="5kg Auschan Optimum" tasakID="3">
        <rendeles>2022.10.06</rendeles>
    </szerzodes>
    <szerzodes adoszam="22222222-22-222222" tNev="5kg Auschan Optimum" tasakID="3">
        <rendeles>2022.10.03</rendeles>
    </szerzodes>
</tasakgyartas>